channel,total_cost,overall_roi,current_pct,roi_weight,recommended_pct,shift_pct
Email,5006.700000000001,31.069570855164795,2.8,31.069570855164795,24.1,21.3
Paid Social,121117.5,0.052187680969481044,67.3,0.052187680969481044,0.0,-67.3
Push,541.0999999999999,77.0951532036523,0.3,77.0951532036523,59.7,59.400000000000006
SMS,7072.199999999999,20.49521268929647,3.9,20.49521268929647,15.9,12.0
Search,46209.0,0.46696883078972873,25.7,0.46696883078972873,0.4,-25.3