channel,total_cost,treatment_revenue,incremental_revenue,roi,treatment_conv_rate,conversion_lift,n_campaigns,overall_roi
Email,5006.700000000001,592674.74,160562.7204005536,32.218544081023005,0.07979416666042045,0.023603127492581668,3,31.069570855164795
Paid Social,121117.5,523363.62,127438.34144982112,0.051090054668012294,0.07159197458933764,0.017777760561282968,4,0.052187680969481044
Push,541.0999999999999,107231.32,42257.28739849625,77.0951532036523,0.06532988357050452,0.024298734268678533,1,77.0951532036523
SMS,7072.199999999999,600828.53,152018.44318124247,20.713510495376653,0.08683925360499724,0.022299897887340086,3,20.49521268929647
Search,46209.0,235856.59999999998,67787.16270196257,0.46696883078972873,0.10114912679348179,0.02705814854914891,1,0.46696883078972873